{"cameraMode":{"drawMode":0,"name":"Shaded","section":"Shading Mode"},"sceneLighting":true,"audioPlay":false,"sceneViewState":{"m_AlwaysRefresh":false,"showFog":true,"showSkybox":true,"showFlares":true,"showImageEffects":true,"showParticleSystems":true,"showVisualEffectGraphs":true,"m_FxEnabled":true},"in2DMode":false,"pivot":{"x":-4.470065593719482,"y":0.15366888046264649,"z":9.449479103088379},"rotation":{"x":0.10731241852045059,"y":-0.15739329159259797,"z":0.01720774546265602,"w":0.9815376400947571},"size":12.950525283813477,"orthographic":false}