{"cameraMode":{"drawMode":0,"name":"Shaded","section":"Shading Mode"},"sceneLighting":false,"audioPlay":false,"sceneViewState":{"m_AlwaysRefresh":false,"showFog":false,"showSkybox":false,"showFlares":false,"showImageEffects":false,"showParticleSystems":false,"showVisualEffectGraphs":true,"m_FxEnabled":true},"in2DMode":false,"pivot":{"x":0.015689730644226075,"y":1.5095221996307374,"z":-0.0910332202911377},"rotation":{"x":-0.04438767209649086,"y":-0.9399620294570923,"z":0.1342790722846985,"w":-0.3106624186038971},"size":0.6733044981956482,"orthographic":false}